{
	"errno": 0,
	"list": [
		{
			"img": "images/1.jpg",
			"price": "798.00",
			"sales": "8",
			"title": "帛薇儿2017春装新款女装条纹拼接连衣裙蝴蝶结中长款真丝连衣裙 ",
			"store": "pokwai服饰旗舰店",
			"adress": "广东 深圳"
		},
		{
			"img": "images/2.jpg",
			"price": "168.00",
			"sales": "2946",
			"title": "加棉毛呢短外套短款刺绣棒球服女秋冬季2016新款潮加厚含羊毛呢子 ",
			"store": "妍蝶旗舰店",
			"adress": "浙江 杭州"
		},
		{
			"img": "images/3.jpg",
			"price": "699.00",
			"sales": "974",
			"title": "【多件多折】ochirly欧时力翻领羊毛呢大衣长外套1YY3345910 ",
			"store": "ochirly官方旗舰店",
			"adress": "广东 广州"
		},
		{
			"img": "images/4.jpg",
			"price": "19.90",
			"sales": "584",
			"title": "秋冬季女装新款2016黑色打底衫女长袖t恤白色纯棉上衣修身衣服潮 ",
			"store": "娇人圣典旗舰店",
			"adress": "福建 厦门"
		},
		{
			"img": "images/5.jpg",
			"price": "38.89",
			"sales": "430",
			"title": "新款韩版黑白条纹修身2016长袖T恤女秋打底衫莫代尔大码女装上衣 ",
			"store": "xy服饰旗舰店",
			"adress": "广东 东莞"
		},
		{
			"img": "images/6.jpg",
			"price": "89.90",
			"sales": "8637",
			"title": "中老年女装冬装棉衣妈妈装羽绒棉服中长款毛领外套老年人加厚棉袄 ",
			"store": "胖胖家衣橱",
			"adress": "浙江 嘉兴"
		},
		{
			"img": "images/7.jpg",
			"price": "69.00",
			"sales": "3085",
			"title": "秋冬季新款加绒加厚卫衣女装套头宽松韩版潮学生圆领长袖上衣外套  ",
			"store": "米子旗旗舰店",
			"adress": "广东 广州"
		},
		{
			"img": "images/8.jpg",
			"price": "49.90",
			"sales": "3733",
			"title": "百搭毛衣线衣韩版女装套头打底针织衫短款上衣秋冬季潮外套宽松  ",
			"store": "黎雪儿旗舰店",
			"adress": "江苏 苏州"
		},
		{
			"img": "images/9.jpg",
			"price": "19.00",
			"sales": "355",
			"title": "中老年女装冬装棉衣妈妈装羽绒棉服中长款毛领外套老年人加厚棉袄 ",
			"store": "娟子裤行",
			"adress": "上海"
		},
		{
			"img": "images/10.jpg",
			"price": "118.00",
			"sales": "968",
			"title": "2016女装新款秋冬装针织衫女开衫百搭短款毛衣外套女秋冬季韩版潮  ",
			"store": "玛思狄拉旗舰店",
			"adress": "浙江 嘉兴"
		},
		{
			"img": "images/11.jpg",
			"price": "53.00",
			"sales": "490",
			"title": "2016秋冬季新款娃娃领女装针织衫套头打底衫修身毛衣女短款上衣潮  ",
			"store": "诗梵米亚旗舰店",
			"adress": "浙江 嘉兴"
		},
		{
			"img": "images/12.jpg",
			"price": "28.80",
			"sales": "2419",
			"title": "秋冬新款女装纯色麻花毛衣女套头韩版圆领短款针织衫上衣打底衫厚  ",
			"store": "沐晗旗舰店",
			"adress": "江苏 苏州"
		}
	]
}